23.4596,27.5844,27.3405,24.3909,26.5343,26.9211,23.6251,25.2119,26.8402,25.1514,26.8234,25.6337,24.6291,27.6499,24.8863,26.3121,26.2331,25.3295,27.1801,26.5861,24.2297,28.6017,26.7739,24.7441,27.0525,25.6063,23.0772,25.9942,25.7454,22.4698,27.978,24.6631,22.8606,27.7099,23.6198,21.8878,29.0691,22.9883,21.6007,26.636,22.6197,22.2687,25.8833,22.2472,21.3683,26.5096,22.1225,23.5,25.5141,21.1512,23.9172,26.0803,20.2792,25.0262,24.1825,21.7951,24.2642,23.5231,21.4058,25.2233,23.7797,22.8221,23.5107,22.4854,23.47,23.6091,22.7676,24.9519,23.355999999999998,21.4063,22.8895,22.7134,21.6665,22.2722,21.6563,20.2221,23.0239,23.0654,0.0,0
23.1711,25.765,25.5651,24.49,26.0636,26.133000000000003,24.8875,24.8805,27.0143,25.4999,26.3936,25.0367,25.1637,26.3442,23.854,26.6868,26.8592,25.4268,27.6552,27.3934,24.4884,28.9049,27.8529,25.2227,27.9688,26.3878,23.3838,27.7421,26.748,22.2362,28.258000000000003,25.1154,23.6806,28.1913,24.0004,22.7583,29.3197,23.0243,23.0858,26.8455,23.3097,22.6808,26.3209,23.0924,21.5846,26.3134,22.741,23.7642,25.1708,21.8422,23.8174,25.2004,21.0718,25.1332,23.8109,22.4925,23.5874,23.6914,23.6738,23.8985,22.8461,21.8098,22.9613,21.5615,22.3812,22.613000000000003,21.1302,21.9783,21.2003,20.5738,22.0695,23.7331,19.904,21.0127,23.6741,20.5022,22.7669,24.7663,0.0489,0
22.7498,25.5969,25.8667,24.0794,26.1053,26.2353,24.7283,25.046999999999997,27.1206,24.9286,26.6491,25.0986,24.3492,27.1664,24.1561,26.2568,26.4996,25.0717,27.1454,26.9176,24.0036,28.3707,27.5875,24.6026,27.5279,25.8113,23.0342,27.0519,25.8754,21.9083,28.1866,24.7622,23.5275,28.6102,23.6586,22.6834,29.7975,22.9714,23.3567,27.5241,22.6269,22.4339,27.7429,21.6619,21.7108,26.3819,22.8132,23.1148,25.2552,21.9035,23.0948,25.4538,20.8843,24.2194,23.9489,22.6262,23.3542,23.949,23.7354,23.8974,22.8346,21.9989,22.9606,21.5159,22.5987,23.0486,20.4116,21.7435,22.4528,21.1217,23.1392,24.4179,21.4772,22.5175,25.4399,20.410999999999998,24.1727,24.4894,0.1956,0
23.9818,25.0685,26.5395,24.2406,26.4365,26.0632,24.1961,27.5108,27.1388,25.3212,26.5732,25.0019,25.0593,26.4347,23.808000000000003,26.5775,26.7441,25.4231,27.6764,27.1658,24.5815,28.914,27.273000000000003,25.4756,28.0402,26.2003,23.4524,28.4206,26.7231,22.4022,27.7744,24.9093,23.666,28.2111,23.906,22.7195,29.5733,23.3448,23.1288,27.264,22.7598,22.3695,27.5629,22.1224,21.3615,26.1033,22.732,23.0287,24.9941,21.8436,22.7852,25.1956,20.5233,23.5289,23.6393,22.3831,23.2204,23.638,23.2649,24.0637,22.5244,21.9442,22.6193,21.2331,22.486,22.9694,20.2744,22.1241,21.8329,20.6286,22.2254,24.3396,20.7936,21.1742,24.9904,19.9724,23.1971,24.7901,0.7822,0
22.9886,25.9987,25.6263,24.3248,26.3048,26.1637,24.633000000000003,25.1964,27.1544,25.3625,26.4664,25.055999999999997,25.1041,26.0562,23.9294,26.5736,26.918000000000003,25.4078,27.5895,27.26,24.4379,28.7331,27.8056,25.2844,28.0587,26.2368,23.413,28.4146,26.6575,22.3113,28.1501,24.9484,23.766,28.4327,23.8465,22.8668,29.5278,22.9519,23.4664,27.2693,22.9444,22.487,27.2386,22.4305,21.3694,26.2951,22.7707,23.3839,25.0462,22.1964,22.9357,25.0681,20.7071,23.2461,23.7554,22.8826,23.3533,23.7791,23.6558,24.3043,22.6018,22.4282,22.8415,21.2657,22.7979,23.2485,20.448,22.7862,21.9675,20.5852,21.8319,24.2116,20.7381,20.6031,24.0331,19.8262,22.3879,25.0346,0.88,0
23.4092,27.8436,25.8501,24.5313,27.3427,26.6565,24.2575,25.9465,27.2192,25.9031,27.5707,26.0305,26.4405,28.6779,26.0416,26.5156,26.4961,25.5303,27.8506,26.4611,24.9578,28.8341,26.1543,26.0799,28.0225,25.7466,23.6236,28.4856,26.3095,22.6379,27.7788,24.4311,23.594,28.1027,23.6167,22.4469,29.0953,22.5842,22.9656,26.9579,22.8734,21.7753,27.0426,22.4267,20.6362,25.8089,22.8861,22.4707,24.7091,21.9919,22.1606,24.8814,20.5697,22.6928,23.4018,22.5765,22.66,23.3754,23.5593,23.3924,22.2707,21.9534,22.3139,21.0047,22.2527,22.9528,20.0045,21.4902,22.0913,21.0522,21.8814,24.4267,21.2768,20.7036,24.768,20.7975,22.7243,25.3254,0.9289,0
23.3967,27.5689,26.6845,24.5475,26.6486,26.6173,24.081999999999997,25.2003,26.6006,25.5495,27.0734,25.5499,25.1813,27.8692,24.6946,26.7687,26.5394,25.625999999999998,27.9027,26.7504,24.7424,29.1597,26.6952,25.6171,27.8717,25.7572,23.5991,27.5212,26.0681,22.4625,28.2129,24.4822,23.8135,28.4501,23.4019,22.8804,28.8772,22.1509,23.645,27.2619,23.074,21.995,27.3127,23.0485,20.7667,26.1515,22.7789,22.6752,24.8656,22.3693,22.143,24.8654,20.868000000000002,21.835,23.7787,22.6081,23.1677,24.0927,22.8147,24.3448,22.5127,22.8239,22.7992,21.3403,22.9382,23.6394,20.3212,23.8439,22.9659,20.768,21.5868,24.0462,19.837,21.1528,23.3406,21.1813,20.9574,25.0483,0.9778,0
23.8174,27.3756,27.4047,25.0077,26.5751,27.0803,24.6269,25.1323,26.7505,25.9428,27.1617,26.0342,25.5294,27.9866,25.2175,27.158,26.6162,25.9374,28.1205,26.8703,24.8776,29.5366,26.5645,25.3413,27.6965,26.1596,23.5915,27.2029,26.8471,22.6918,27.9243,24.8584,23.4485,27.7502,24.0788,22.2395,29.1135,23.4883,21.904,26.6327,23.0453,22.2283,26.165,22.6053,21.1909,26.2601,22.6374,23.4442,25.1169,21.7683,23.611,25.214000000000002,21.2362,25.0396,23.7626,22.3918,23.3111,23.5849,23.5557,23.6908,22.7955,21.703000000000003,22.6975,21.4696,22.2323,22.456,21.2384,22.3508,20.9513,20.3654,21.4778,23.1856,20.0084,20.3387,22.8256,19.7697,22.0126,24.1491,1.0267,0
22.7859,25.7283,24.6317,23.8839,26.1235,25.5187,24.2295,25.1357,26.6295,25.0894,26.596999999999998,24.7204,24.9432,26.9996,23.5698,26.3299,26.5164,25.2182,27.5019,26.9988,24.5189,28.56,27.1342,25.6035,27.9826,26.1022,23.3899,28.0149,26.6153,22.2617,28.1098,24.8088,23.6699,28.2895,23.8049,22.6302,29.648000000000003,23.1432,22.8764,27.1618,22.7892,22.5605,26.9791,22.2249,21.49,26.4305,22.6045,23.6616,25.2703,21.7343,23.7347,25.2281,21.119,25.1253,23.9776,22.4506,23.3826,23.9906,23.6784,23.2997,22.8035,21.8041,23.3148,21.5066,22.3725,23.0342,20.5125,21.4204,22.3716,20.9717,22.9041,24.3562,20.8169,22.129,25.3167,20.7923,24.1312,24.4131,1.2222,0
22.8857,26.0316,24.3912,23.6414,26.7638,25.4177,23.441,25.9391,26.6857,25.0673,27.0241,24.9698,25.2296,27.9249,24.1504,26.0581,26.2736,25.4602,27.4501,26.2116,25.0562,28.3227,25.7503,26.2255,27.6178,25.4675,23.7451,26.8108,25.8013,22.8707,28.5623,24.5448,23.545,28.5764,23.6959,22.372,29.8756,22.8976,22.3737,27.3574,22.7905,22.2679,27.2769,22.156999999999996,21.2052,26.5305,22.5102,23.2841,25.3083,21.7423,23.2604,25.2806,20.4974,24.1365,24.095,22.6541,23.3765,24.2272,23.7566,23.9108,22.9071,22.2073,22.9421,21.6872,22.9712,23.072,20.6955,22.5115,22.013,21.0942,22.9939,24.4795,20.9176,21.8813,25.024,20.8937,24.0705,25.0647,1.2711,0
22.8782,25.5997,25.0589,24.0236,26.0864,25.8274,24.5841,24.9657,26.7018,25.0864,26.6385,24.8863,24.747,27.0258,23.7682,26.3763,26.6357,25.2346,27.3885,27.2098,24.3782,28.4519,27.7672,25.3134,28.0779,26.2208,23.4478,28.8912,26.6124,22.6142,27.8824,24.9113,23.6019,28.0545,23.9015,22.566999999999997,29.4575,23.3261,22.7225,27.0389,22.7659,22.5634,26.6695,22.3351,21.4729,26.4373,22.3797,23.6938,25.2365,21.5654,23.7478,25.1734,20.8839,25.1163,24.0391,22.4329,23.3949,24.0042,23.6209,23.6783,22.8842,21.8897,22.9888,21.6181,22.5814,22.9395,20.8527,21.945,21.7799,20.8353,22.5764,24.2431,20.3071,21.5374,24.6894,20.8146,23.6555,24.8695,1.32,0
22.8848,26.014,26.6732,24.2898,25.7436,26.3248,24.3556,24.2326,26.5274,24.7764,26.2311,24.9664,23.9844,26.6013,24.1076,26.0906,26.3544,24.7553,26.7632,26.8431,23.5628,27.6636,28.054000000000002,23.7866,27.4999,25.744,22.8193,27.4962,25.7704,21.5868,28.1105,24.7501,23.4725,28.6863,23.5857,22.8326,29.9841,23.2245,23.5376,27.6905,22.4385,22.7096,28.0326,21.3007,22.3885,26.4049,22.7043,22.9625,25.258000000000003,21.8149,23.0117,25.3444,20.8653,24.204,24.011,22.6906,23.054000000000002,24.1321,23.9014,22.9204,22.8087,22.1847,23.3481,21.5711,22.9301,23.4242,20.4274,22.07,22.8924,21.2819,23.5157,24.8043,21.0293,22.7456,25.7532,21.2329,24.7593,24.8741,1.4178,0
23.0203,25.6346,24.9498,24.1912,26.1863,25.6576,24.7346,25.0071,26.4637,25.1681,26.7011,24.6084,24.9309,26.8407,23.4159,26.3732,27.0668,25.0366,27.4842,27.4197,24.1781,28.5355,27.9972,25.1174,27.9955,26.2131,23.3985,28.7676,26.4519,22.4793,27.531999999999996,24.9797,23.6459,28.0367,23.8288,22.9167,29.2397,23.1359,23.5403,26.9256,22.8332,22.6067,26.4745,22.666,21.4759,26.4174,22.1963,23.6734,25.2308,21.3622,23.6567,25.0142,20.519000000000002,24.9024,23.9755,22.2053,23.4351,23.9803,23.4318,23.561999999999998,22.826,21.561999999999998,23.228,21.522,22.1568,23.0369,20.5274,21.0909,22.6037,21.098000000000003,22.9814,24.2545,21.1654,22.4742,25.3953,20.6437,24.1278,24.0613,1.4666,0
22.8476,25.7823,25.4295,24.1432,26.2272,25.9636,24.601999999999997,25.3045,27.0825,25.2351,26.4655,24.9261,24.9794,26.171999999999997,23.7569,26.424,26.8383,25.3915,27.568,27.1119,24.5594,28.8066,27.4591,25.3869,27.9105,26.0702,23.5043,27.8034,26.4062,22.3225,28.2229,24.8294,23.8812,28.5438,23.79,22.9243,29.4253,22.7936,23.6762,27.3586,23.0527,22.3204,27.4001,22.4183,21.2703,26.2641,23.070999999999998,23.0863,25.0689,22.2994,22.7949,25.3661,20.8624,23.1699,23.7877,22.7705,23.4787,23.7386,23.2718,24.5975,22.6597,22.6493,22.765,21.3416,23.0288,23.241,20.39,23.0099,22.0552,20.7894,22.0602,24.2724,21.023000000000003,20.8311,24.221999999999998,20.1104,22.4943,25.2218,1.5155,0
22.9679,25.7916,25.6789,24.2776,26.2424,26.1661,24.7453,25.1265,27.1017,25.2781,26.569000000000003,25.07,24.929000000000002,26.8045,23.9193,26.5699,26.7839,25.3524,27.683000000000003,27.1036,24.4865,28.8621,27.2738,25.4383,27.838,26.2167,23.2491,27.7612,26.6993,22.1283,27.9746,24.9109,23.5158,28.1166,23.923000000000002,22.4703,29.3463,23.0529,22.7419,26.872,23.0436,22.3965,26.5419,22.5525,21.3209,26.2855,22.7582,23.5582,25.1924,21.8135,23.6886,25.322,21.2539,25.0996,23.8705,22.5298,23.4704,23.6852,23.5204,24.1684,22.9273,21.9519,22.7254,21.5434,22.362,22.6324,20.87,21.2785,21.7958,20.9343,22.4608,24.0284,21.0368,21.4977,24.8205,20.3792,23.5493,24.2764,1.5644,0
22.6466,26.1348,24.7865,23.8376,26.4652,25.5913,23.9608,25.3568,26.6248,25.0708,26.5844,24.6993,24.8457,26.7142,23.498,26.2948,26.596,25.2357,27.5153,26.8849,24.5147,28.6661,27.0048,25.5162,27.8744,25.9359,23.3708,28.0001,26.3276,22.2186,28.1415,24.6888,23.7829,28.5082,23.6508,22.8413,29.546,22.7433,23.4928,27.3024,22.8658,22.3305,27.3533,22.4202,21.1922,26.2826,22.6921,23.1738,25.1328,21.8152,23.0514,25.2848,20.6582,24.0358,23.8518,22.6048,23.2208,23.8565,23.8128,23.4713,22.7031,21.9865,22.9412,21.3907,22.5013,23.2904,20.3792,21.4025,23.0002,21.2547,22.9611,24.7353,21.2449,22.1435,25.6802,20.8654,24.1184,25.004,1.6133,0
22.9769,25.4418,25.7461,24.278000000000002,25.9582,26.2063,25.0587,25.063000000000002,27.1628,25.1195,26.3113,24.988000000000003,24.6098,26.3614,23.8663,26.3921,26.6987,25.1175,27.0871,27.2304,23.9664,28.2883,28.0383,24.483,27.5557,26.1347,23.0219,27.4322,26.2342,21.803,27.9762,25.0125,23.6138,28.4728,23.8066,22.9893,29.6226,23.3677,23.8853,27.5435,22.6203,22.7573,27.8944,21.66,22.0877,26.3351,22.7086,23.33,25.2418,21.7951,23.1001,25.2736,20.6665,24.1237,23.9409,22.5612,23.3257,23.8856,23.6089,23.9683,22.7678,22.1534,22.8483,21.4625,22.7766,22.9531,20.555,22.1558,21.8982,20.8523,22.8535,24.3418,20.2461,21.8762,24.8283,20.9416,23.9751,24.8878,1.7111,0
23.7627,25.090999999999998,26.5987,24.434,26.3863,26.4838,25.2119,26.6723,27.7618,25.2299,26.5536,25.1979,24.6686,26.6038,24.1018,26.5495,26.7563,25.2941,27.3304,27.1578,24.148000000000003,28.4942,28.033,24.6255,27.8091,25.9856,23.3037,27.9451,26.1246,22.0937,27.9607,24.7836,23.8793,28.4377,23.6607,23.1012,29.1979,22.7604,24.0674,27.3304,22.9469,22.3235,27.4559,22.7818,21.1189,26.2102,22.7396,23.0255,25.0089,22.057,22.5942,25.1766,20.5672,22.8432,23.8267,22.718000000000004,23.2921,23.8727,23.6458,24.0935,22.6739,22.1823,22.8767,21.3253,22.6856,23.0554,20.5354,22.4689,21.7708,20.6471,22.0703,24.2668,21.1794,21.0765,24.8186,19.5359,22.5613,24.5639,1.76,0
23.7902,24.9222,25.9625,23.967,26.3695,25.7491,23.9488,27.0825,27.1052,25.0388,26.7729,24.7488,24.7611,26.8322,23.5507,26.2971,26.8817,25.1696,27.4088,27.0487,24.2431,28.6813,27.4047,25.0041,27.6948,25.8679,23.329,27.6381,26.098000000000003,22.1176,27.8862,24.6554,23.8395,28.3435,23.5424,23.028000000000002,29.2046,22.6166,23.8714,27.3123,22.7012,22.3086,27.5732,22.2913,21.179000000000002,26.1704,22.55,22.9827,24.9728,21.8751,22.5131,25.1137,20.4878,23.1279,23.704,22.6079,22.9334,23.7689,23.7001,23.474,22.5707,21.8956,22.8998,21.323,22.4413,23.3831,20.4366,21.2076,23.2088,21.3243,22.9405,24.8217,21.6044,22.1032,25.7009,21.2752,24.1735,25.0485,1.8089,0
22.9558,25.2144,26.0783,23.9778,26.2499,26.283,24.7283,25.778000000000002,27.5313,24.8741,26.3689,25.0624,24.529,25.838,24.0024,26.0968,26.8952,25.1493,27.06,27.0075,24.0745,28.4224,27.4948,24.5672,27.1801,25.8543,23.0965,26.5309,25.7325,22.0505,28.1032,24.955,23.4105,28.4208,23.7864,22.6057,29.6739,23.3095,23.3233,27.4163,22.6618,22.4135,27.5813,21.7307,21.6274,26.3276,22.683000000000003,23.1756,25.3449,21.6336,23.3602,25.8041,20.6331,24.4325,24.0567,22.3251,23.7554,23.9562,22.7547,24.9083,23.0839,22.3399,22.8397,21.9979,23.3052,22.9045,21.3184,23.4285,21.5362,21.0152,23.1052,24.037,20.4857,21.978,24.1846,20.8687,24.0067,24.89,1.8578,0
23.0108,26.1717,25.6638,24.3797,26.160999999999998,26.1883,24.5585,24.8597,26.9735,25.4312,26.38,25.0955,25.1736,26.2494,23.9034,26.6654,26.7025,25.474,27.6815,27.2535,24.5934,28.8719,27.8069,25.372,28.1298,26.3525,23.455,28.4153,26.8223,22.3572,28.0208,25.0343,23.6433,28.3256,23.9194,22.7707,29.7573,23.4026,22.8596,27.263,22.8341,22.6292,27.5897,21.7744,22.0896,26.0718,23.1509,23.13,24.9759,22.209,23.0781,25.2083,21.0839,24.0925,23.6606,22.9166,23.3356,23.4684,24.0034,23.8841,22.6576,22.1083,22.9936,21.2407,22.389,22.9134,20.7515,21.8289,21.5818,20.3687,21.9957,24.0929,19.6129,21.0187,23.9746,20.5195,22.6413,25.1551,1.9066,0
23.029,25.7869,25.6975,24.3101,26.3126,26.1831,24.8808,25.3115,27.1738,25.3341,26.6244,25.0991,24.9258,26.6106,23.9463,26.6201,26.8401,25.4091,27.6844,27.2687,24.5212,28.8413,27.7413,25.378,28.0676,26.2387,23.4696,28.1721,26.596,22.3001,28.0684,24.9467,23.8015,28.4275,23.904,22.8588,29.7555,23.2773,23.2482,27.2964,22.9213,22.5875,27.4995,22.0911,21.7038,26.1716,22.9402,23.3102,25.0577,22.043000000000003,23.0609,25.3376,20.6824,23.7002,23.7579,22.6615,23.553,23.7542,23.6144,24.3353,22.5978,22.1722,23.0902,21.3453,22.7354,23.5422,20.9707,23.664,22.3936,20.2826,21.6501,23.6157,20.1677,20.7426,22.7628,19.4544,21.693,24.5585,1.9555,0
23.1555,25.7744,25.6374,24.4786,26.1025,26.1665,25.0267,24.8227,26.7871,25.4627,26.697,25.1598,25.1599,26.7744,23.9724,26.7406,26.8888,25.4918,27.775,27.324,24.5624,29.1026,27.4524,25.294,27.9422,26.4727,23.3102,28.1359,27.0118,22.2153,27.883000000000003,25.1656,23.568,27.9636,24.0754,22.6313,29.1679,23.1794,22.8768,26.6781,23.2567,22.664,26.1435,23.057,21.5742,26.2802,22.7336,23.8212,25.2051,21.7646,23.896,25.2076,21.1152,25.2772,23.8985,22.4756,23.5791,23.6831,23.6718,23.7889,22.9785,21.7002,23.0143,21.6398,22.0845,22.6155,21.2333,21.2703,21.397,20.5703,22.0451,23.6939,20.3238,21.0291,24.3851,19.9742,23.1253,23.9204,2.0044,0
23.066,25.6234,25.8601,24.3462,26.2965,26.1071,25.0106,25.7517,27.3636,25.3433,26.3004,24.9529,25.0548,25.8695,23.8435,26.5075,26.9062,25.2113,27.5532,27.2738,24.2774,28.5417,27.9144,25.2531,28.0437,26.1416,23.4033,28.6902,26.4174,22.3866,27.9096,24.8846,23.851999999999997,28.3339,23.73,23.1012,29.0631,22.7305,23.9992,27.1823,23.1315,22.3043,27.3237,22.6981,21.1652,26.0265,22.9913,22.9616,24.8327,22.2744,22.5535,25.1533,20.7875,22.6979,23.6694,22.7879,23.3889,23.7662,23.0027,24.5976,22.5325,22.9246,22.7157,21.2494,22.9617,23.379,20.1423,23.305,22.3783,20.898000000000003,21.7787,24.266,21.272,20.6301,23.9257,20.298,21.9564,25.3554,2.1511,0
23.1108,26.2617,24.8707,24.2746,26.3961,25.7642,24.1334,25.4271,26.9296,25.563000000000002,26.4227,24.9475,25.5317,26.1447,23.7523,26.6861,26.8467,25.5262,27.9357,27.1715,24.8678,28.9607,27.2679,25.9921,28.338,26.2372,23.7371,28.7196,26.8039,22.7151,28.0981,24.9284,23.8568,28.3217,23.9823,22.7831,29.5465,23.1654,23.1593,27.1545,23.1152,22.3268,27.2859,22.2035,21.517,25.9706,23.2024,22.94,24.9297,22.1913,22.8306,25.2657,21.0874,23.8337,23.5802,22.7563,23.2503,23.4389,23.719,24.0046,22.4847,22.1578,22.7851,21.0839,22.4509,23.0435,20.3132,21.9639,21.8173,20.5052,21.8611,24.3097,21.1017,20.9426,24.9169,19.4761,22.3627,24.8225,2.2,0
23.0735,25.3497,25.9159,24.3673,25.8721,26.3734,25.2307,24.7586,26.9664,25.0722,26.6404,25.2663,24.3958,27.1439,24.3702,26.399,26.6234,25.1452,27.1148,27.2062,24.0295,28.2567,28.051,24.6085,27.7003,26.1402,23.1143,27.7534,26.4123,21.9111,28.0422,24.9265,23.548000000000002,28.4609,23.7737,22.783,29.8312,23.3761,23.3521,27.4703,22.6229,22.7019,27.7995,21.5338,22.2152,26.2358,22.7949,23.1763,25.1542,21.8385,23.1019,25.342,20.9004,24.2994,23.8992,22.6962,23.2834,23.8913,23.7207,23.9659,22.774,22.1171,22.8673,21.4637,22.7261,22.9041,20.6108,22.1107,21.8023,20.6945,22.6156,24.2163,21.0354,21.7073,25.0023,19.7414,23.4116,24.3798,2.2489,0
