27.4100,25.3200,27.7900,26.1500,26.0300,27.4500,26.1600,27.4200,28.0900,25.8400,26.0500,25.9300,25.1900,25.1200,25.4500,26.3500,27.0200,25.1700,26.0800,27.2200,23.7400,26.8300,28.4900,23.3100,26.4400,26.0400,22.8100,26.0400,26.0500,21.6400,27.1800,25.0400,23.3000,27.4500,23.7800,22.6100,28.9200,23.4300,22.8500,26.5400,22.6000,23.0400,26.5500,21.5700,22.3800,25.7800,22.7000,24.1500,24.8900,21.6300,24.6200,24.7900,21.6900,26.1500,23.4900,21.6900,23.9900,22.8500,20.6600,23.8100,23.0200,22.8800,23.6200,21.7200,23.0900,22.9600,21.5000,24.6000,22.9300,21.5900,22.4600,21.5400,22.6100,22.3200,20.8300,20.4400,22.1700,21.1400,0.0000,1.0000
27.3994,26.0631,28.1126,26.0350,26.1165,27.5542,25.4360,27.3878,28.1416,25.9213,26.0683,26.0454,25.1071,25.2951,25.5374,26.6942,26.8338,25.2738,26.3349,27.0595,23.8855,27.2350,28.1953,23.4004,26.4417,25.8224,23.0022,25.5021,25.5794,22.2620,27.4125,24.9316,23.2093,27.5205,23.7250,22.4058,28.9654,23.2475,22.4861,26.5899,22.5991,22.8211,26.4414,21.6559,22.0482,25.9411,22.6945,23.9763,24.9946,21.7700,24.5704,25.1102,21.9682,26.0782,23.5502,21.7847,24.0630,22.7540,20.9775,24.5251,23.2253,22.7736,23.2296,21.8626,22.8975,22.7608,21.3323,24.3158,22.9966,21.4651,22.4934,21.3467,22.1327,22.9591,20.3879,20.4056,21.8555,21.1800,0.0489,1.0000
26.9516,26.8092,27.6671,25.6340,26.3420,27.1978,24.6598,27.4264,27.6632,25.5964,25.9821,25.7197,25.0766,24.9261,25.3808,26.0809,26.9153,24.8942,26.0179,26.8564,23.4459,26.8162,28.0922,23.0238,26.4156,25.5102,22.8539,25.7598,24.9573,21.9841,27.4332,24.8220,23.3813,28.0058,23.5761,22.9136,29.3454,23.5552,23.6358,27.2256,22.2829,23.0687,27.7934,21.1951,22.9522,25.9660,22.3391,23.4898,25.0427,21.2237,23.5153,25.2406,20.4955,24.8397,23.6154,21.7396,23.4281,22.7500,20.9538,23.0522,23.2880,22.9925,23.7617,21.9241,23.4795,23.6681,21.9201,24.9812,23.9735,21.2504,23.2906,22.3166,21.8359,23.6502,21.2691,20.1645,22.6757,22.2037,0.0978,1.0000
27.3134,25.6697,27.8742,26.0036,26.1312,27.3928,25.8194,27.5780,27.8708,25.6851,25.8815,25.9248,25.1685,24.8266,25.6022,26.0131,26.8371,25.0482,25.7997,26.8284,23.6185,26.4401,28.0571,22.9788,26.2959,25.5853,22.8931,25.6923,24.9739,22.0160,27.3549,25.0450,23.5005,27.9254,23.8131,22.9814,29.2648,23.6436,23.6845,27.0567,22.5705,23.0114,27.4369,21.6096,22.3425,25.9256,22.6595,23.7079,25.0421,21.5286,23.9369,25.5546,21.1203,25.3164,23.6066,22.0104,23.7614,22.7352,21.2690,24.2219,23.2389,23.1406,23.1486,21.8377,23.4758,23.0134,21.7045,24.9825,22.8052,21.1436,22.7935,21.8406,19.9309,22.5158,21.9751,21.8204,22.5231,20.8328,0.1467,1.0000
26.9583,26.1170,27.7840,25.5791,25.8870,27.3360,24.5940,26.9736,27.7393,25.5312,25.6452,25.8387,24.7609,24.8522,25.3028,26.1766,26.5374,25.0712,25.9619,26.7929,23.6639,26.7864,28.0277,23.2919,26.2478,25.5296,22.8697,25.5534,25.0981,21.9564,27.4122,24.9146,23.0837,27.8136,23.6868,22.4183,29.3240,23.5823,22.6547,27.0847,22.4566,22.9255,27.1890,21.3828,22.3271,26.1973,22.6263,23.9072,25.2337,21.6436,24.3469,25.5416,21.5982,25.8455,23.7985,22.0005,23.9718,22.8966,21.2298,24.3008,23.5267,23.1096,23.2931,22.1599,23.5692,23.1638,22.1252,25.0931,23.1345,21.3376,23.0239,21.9991,20.2285,22.5077,22.2232,21.7911,23.1845,20.8510,0.1956,1.0000
27.7217,26.4275,27.5340,26.2608,26.2631,27.3880,25.5828,27.4730,28.0386,25.8773,25.8664,25.9713,25.3988,24.7674,25.7102,26.0093,26.8228,25.0407,25.5373,26.7513,23.6763,25.9412,28.0048,22.9067,26.0112,25.5241,22.9067,25.2321,25.0266,22.1015,27.1344,24.8967,23.2576,27.6582,23.6474,22.7369,29.1147,23.4195,23.1203,26.9505,22.3674,23.1725,27.1892,21.3232,22.5721,25.9717,22.4674,24.0720,24.9954,21.4464,24.3807,25.1621,21.1134,25.8589,23.5491,21.7557,24.0049,22.6666,21.0224,24.4461,23.3805,22.7628,23.1456,22.0730,23.3176,22.8465,22.1128,24.7797,23.3031,21.5596,23.2580,21.4111,20.3761,23.5984,21.2180,22.3436,22.9669,20.4796,0.2444,1.0000
27.3925,25.7596,27.7553,26.0260,26.2103,27.4545,25.7668,27.5661,28.1028,25.6857,26.0950,25.9664,24.8976,25.2184,25.6404,26.3183,26.9021,25.1193,25.9601,26.9472,23.7208,26.2780,28.2269,22.9522,26.2578,25.6889,22.9112,25.5488,25.3908,21.9586,27.2355,24.8746,23.3140,27.6771,23.6754,22.6229,29.1371,23.3346,22.8693,26.7943,22.4847,22.9829,26.7847,21.4614,22.2935,25.9701,22.5866,24.0252,25.0634,21.5401,24.4649,25.0884,21.5494,25.9927,23.6760,21.6833,23.8571,22.9183,20.7166,23.8591,23.3009,22.8813,23.3925,21.9258,23.1732,23.0352,21.5990,24.5915,23.5024,21.6212,22.9129,21.5616,21.1062,21.8178,21.2686,21.7803,23.7810,20.6766,0.2933,1.0000
27.6561,26.7353,27.6801,26.2449,26.3653,27.4723,25.2856,27.3959,28.0609,25.9360,25.9299,26.0388,25.2904,24.9079,25.8691,26.2996,26.7641,25.0618,25.8014,26.7746,23.7039,26.3990,28.0016,23.0355,26.1521,25.4864,22.9664,25.4041,25.0672,22.0895,27.2808,24.8811,23.3230,27.7989,23.6523,22.7381,29.2800,23.5999,23.0806,26.9867,22.4017,23.0427,27.3834,21.3293,22.5968,25.8901,22.5545,23.7779,24.9732,21.4942,24.1525,24.9959,21.2794,25.6681,23.5339,21.7415,23.7438,22.6807,20.8546,23.8106,23.1922,22.9377,23.2394,21.8246,23.3335,23.0156,21.8481,24.8131,23.3834,21.3307,23.0104,21.6072,20.1013,22.9809,21.3564,22.2401,22.7776,20.7855,0.3422,1.0000
25.8005,25.4376,28.2882,26.0980,26.4758,27.2945,27.4830,27.0084,27.6568,25.7941,25.9956,25.8764,25.3120,24.8918,25.6489,25.9137,26.9595,24.9632,25.4867,26.8219,23.5892,25.9825,28.0441,22.8258,25.9922,25.5869,22.8722,25.2768,24.9642,22.0841,27.1718,25.0750,23.2274,27.6974,23.8053,22.7822,29.1579,23.6527,23.1797,26.8149,22.5828,22.9941,26.6769,21.7832,22.0711,26.0285,22.6017,24.0827,25.0765,21.5724,24.4507,25.0723,21.3257,25.9573,23.6439,21.7363,23.9702,22.7626,20.9505,24.2772,23.3972,22.9012,23.3589,22.1213,23.4634,22.9614,22.0387,24.9657,23.1802,21.7413,23.0084,21.5526,20.6532,22.3903,21.4855,22.6161,23.0695,20.6696,0.3911,1.0000
27.0887,25.7559,28.5142,27.4250,26.5444,27.3077,28.8760,26.2709,26.9313,26.4320,26.3527,26.1700,25.6826,25.3743,26.1770,26.3572,27.2047,25.1434,25.3856,27.0541,24.0802,25.4947,28.2614,23.1575,25.5767,25.7943,23.2484,24.6881,25.3613,22.5081,26.7307,25.1515,23.3871,27.0344,23.8805,22.7749,28.5311,23.6398,22.9593,26.3539,22.6537,23.3693,26.4094,21.5511,22.8402,25.6105,22.8590,24.4552,24.6742,21.8108,24.8137,24.3219,22.0809,26.2777,23.4486,21.6751,23.9148,22.6491,20.7795,24.1576,23.1513,22.6384,23.0303,21.9199,22.7812,22.2812,21.4162,24.1792,22.5934,22.1591,22.5326,20.8043,21.5482,21.5632,20.2885,22.8448,23.3194,20.1146,0.4400,1.0000
26.7163,25.6667,28.6142,26.8970,26.5858,27.4798,28.3970,26.5923,27.2122,26.0841,26.2075,26.2538,25.3604,25.2076,26.1845,26.1147,27.0989,25.2703,25.5299,26.9806,23.9473,25.9736,28.1808,23.1084,26.0103,25.7427,23.2010,25.1288,25.1933,22.5496,27.2069,25.2188,23.4601,27.6210,23.9458,22.8997,28.8592,23.4866,23.6818,26.5674,22.8494,22.9284,26.3635,22.1386,21.9488,25.8603,22.7353,24.0471,24.8372,21.7336,24.2801,24.9627,21.2618,25.7272,23.4306,22.0992,23.8419,22.5202,21.4928,24.3888,23.2784,23.0550,22.9097,22.0058,23.3523,22.2961,22.1933,24.5688,21.4027,21.4521,22.1977,21.4719,20.2518,21.8578,21.5515,22.1873,21.6204,20.6434,0.4889,1.0000
25.1905,25.6392,28.2172,26.0425,26.4348,27.3115,27.5318,26.2975,27.6160,25.7642,26.1369,25.8550,25.3127,25.0340,25.5531,26.0399,27.0972,24.9598,25.6823,27.0150,23.5551,26.2671,28.3043,22.9703,26.1529,25.7658,22.8423,25.5355,25.3518,21.8617,27.2180,25.0917,23.2729,27.6420,23.8131,22.7289,29.0034,23.4824,23.3070,26.6600,22.6754,22.9933,26.4658,21.8474,22.1144,26.0486,22.5844,24.1812,25.1342,21.4746,24.3844,25.3114,21.1323,25.8597,23.7100,21.7761,23.9130,22.7865,21.0119,24.1709,23.4842,22.9586,23.3381,22.2099,23.5173,22.9636,22.3025,25.0329,22.8387,21.5758,22.7638,21.7995,20.4844,22.1631,21.9305,22.2538,22.6684,20.7617,0.5378,1.0000
23.9665,26.4870,27.5050,25.3649,26.4508,27.0603,26.1509,25.6868,28.1255,25.5790,26.1120,25.5956,24.9972,25.2271,24.9631,26.4193,26.9473,24.9658,26.4204,27.1309,23.5266,27.3196,28.3247,23.2564,26.7715,25.9905,22.5807,26.4673,26.0908,21.3994,27.2449,24.8717,23.1282,27.6262,23.6756,22.4052,29.1360,23.6077,22.6014,26.9279,22.4112,22.9028,27.3455,21.3687,22.4034,25.8955,22.5316,23.7393,25.0778,21.4513,24.2447,25.7363,21.0339,25.5479,23.5559,21.5849,24.2612,22.8804,20.5965,24.5039,23.1220,22.8249,24.0195,21.7635,23.1019,23.6015,21.4194,24.5327,24.0089,21.6011,23.0343,22.0805,20.7138,22.3060,21.5887,22.3071,23.6891,21.2848,0.5867,1.0000
27.3380,26.3093,28.6767,27.7665,26.0782,27.2950,28.2133,24.6161,27.2482,26.7332,26.4044,26.2340,25.5685,26.0196,26.2788,27.1240,27.1183,25.1772,26.2529,27.4086,24.0537,26.9783,28.4855,23.2601,25.9534,26.1836,23.2039,24.8109,25.9555,22.8439,26.9285,25.2662,23.2026,26.8448,23.9731,22.5561,28.2730,23.4588,22.3636,25.9162,22.9547,23.2051,25.8771,21.8424,22.6907,25.1222,23.2705,24.2411,24.2993,22.3793,25.0226,23.9828,23.0457,26.3540,23.0596,21.9644,24.2394,22.3864,21.0568,24.7294,22.7373,22.5179,23.0739,21.7526,22.0621,22.1122,20.5123,22.9522,22.1928,22.3469,21.9528,20.7183,23.0515,22.8644,20.2274,21.9808,20.9297,20.0993,0.6355,1.0000
26.1451,26.1399,28.4459,26.5851,26.7722,27.1891,28.0984,26.6742,26.9672,25.8726,26.2340,25.9536,25.3506,25.1276,26.0168,25.8426,26.9720,24.8430,25.2708,26.5911,23.5719,25.3229,27.8002,22.6315,25.8068,25.3185,22.9385,25.1667,24.6808,22.0946,27.0495,24.9574,23.2543,27.7031,23.7032,22.9173,29.0662,23.7636,23.6100,26.8883,22.4791,23.3081,27.1318,21.4344,22.7058,25.9106,22.5715,24.2037,24.9906,21.5173,24.5818,24.7995,21.6571,26.0817,23.6954,21.4923,23.7855,23.0341,20.4470,23.7561,23.2794,22.5721,23.1370,22.0077,22.7650,22.4632,20.9635,23.0410,23.5390,22.0225,23.8616,21.4117,22.0733,23.4493,20.2296,21.7332,25.0476,21.6628,0.6844,1.0000
25.3856,26.0159,28.5929,26.1131,26.7601,27.5576,27.5967,26.8263,27.9074,25.8966,26.3491,26.1050,25.2179,25.3383,25.9428,26.3832,27.0599,25.0838,25.9793,27.0109,23.6999,26.6923,28.1169,22.9119,26.0988,25.6698,23.0043,25.2220,25.4575,22.1688,27.1803,24.9416,23.3063,27.5648,23.7516,22.5670,29.0187,23.5041,22.9564,26.6893,22.5228,22.7793,26.5145,21.7541,21.8429,26.0464,22.4433,23.9485,25.0499,21.4575,24.3013,25.2802,21.2489,25.7896,23.5958,21.7431,23.9277,22.7061,20.9410,24.2132,23.3331,22.8940,23.2911,21.9947,23.2221,22.8739,21.8200,24.7384,22.8103,21.5782,22.5631,21.5592,20.3835,22.2413,21.4719,22.4690,22.4985,20.6872,0.7333,1.0000
27.2192,25.4099,28.5428,27.5318,26.4594,27.5546,29.0234,26.2791,27.3072,26.7078,26.2750,26.2846,26.0686,25.2481,26.0906,26.8070,27.2349,25.3666,25.9277,27.3559,24.2269,26.2370,28.6489,23.4755,25.9862,26.1561,23.2859,25.0568,25.9328,22.5170,27.0484,25.3578,23.3330,27.0824,24.0506,22.7096,28.5293,23.5564,22.6932,26.1293,23.0186,23.3008,26.1891,21.8716,22.8807,25.2297,23.2605,24.2589,24.3682,22.2134,24.7702,23.7105,22.6276,26.0806,23.1616,21.8591,23.8948,22.5666,20.7926,24.0795,22.7080,22.7152,22.9874,21.5517,22.4121,22.1538,20.7899,23.7191,21.9630,21.9774,21.7105,20.8698,21.1596,20.9042,20.3780,23.0428,22.0004,20.2951,0.7822,1.0000
26.5464,25.8381,28.5654,27.1071,26.5629,27.4158,28.5738,26.1800,27.2267,26.2888,26.2326,26.1774,25.8095,25.1165,26.0303,26.1507,27.1446,25.2091,25.5055,26.9991,23.9217,25.7519,28.2732,23.1134,25.8722,25.7708,23.1066,25.0220,25.1419,22.4665,27.1086,25.2903,23.2462,27.4354,23.9426,22.8336,28.7570,23.6194,23.5209,26.4635,22.7981,23.0825,26.3725,21.8234,22.3316,25.7210,22.8128,24.1958,24.8418,21.7168,24.5409,24.5617,21.7171,26.0432,23.4631,21.9072,23.9101,22.5460,21.1672,24.2662,23.2519,22.9705,23.1296,22.0118,23.1092,22.3953,21.7732,24.6028,22.1980,21.7076,22.3453,21.1230,20.5384,21.9414,20.9298,22.6288,22.0464,20.3206,0.8311,1.0000
25.7274,24.8452,27.9906,25.6011,26.1913,27.3984,26.8160,26.9993,27.8379,25.4194,26.0589,25.8970,24.8551,25.0807,25.4001,25.9443,26.9719,25.0773,25.8815,26.9738,23.6361,26.6602,28.2007,23.1481,26.3330,25.6904,22.9712,25.6523,25.1744,22.0847,27.4636,25.0591,23.3191,27.8243,23.8155,22.6782,29.2379,23.5478,23.1858,26.8439,22.6528,22.7801,26.6110,21.9472,21.8015,26.1787,22.5606,23.9250,25.1033,21.6435,24.2359,25.4088,20.9288,25.5430,23.7215,22.2639,24.1306,22.8358,21.9351,24.9253,23.4725,23.2188,23.2224,22.1268,23.5806,22.8239,22.1839,24.9618,22.1672,21.4533,22.5695,21.9187,21.9571,22.2726,20.8078,20.4972,21.9257,22.3940,0.8800,1.0000
25.9429,27.1623,28.3865,26.6046,26.3168,27.3863,26.7171,24.9182,28.0018,25.7970,26.2725,26.0945,24.8612,25.4784,26.0130,26.2160,26.9923,25.0510,25.8610,26.9347,23.6435,26.3083,28.1125,22.7937,26.2814,25.6554,22.9265,25.4009,25.0840,22.2924,27.4013,25.0251,23.2939,27.7604,23.7829,22.6474,29.2207,23.5379,22.9962,26.8984,22.5536,22.8785,27.1271,21.5284,22.2415,25.9361,22.6360,23.8027,24.9623,21.6427,24.1814,25.1659,21.2296,25.6350,23.5288,22.1010,23.9452,22.5534,21.3944,24.1719,23.3021,23.2848,23.3659,22.0194,23.6135,22.7602,22.0330,25.0081,22.1542,21.4597,22.5672,21.8006,22.1459,22.1264,20.8543,20.3052,22.1115,21.9822,0.9289,1.0000
24.5884,26.3421,28.0762,25.7880,26.4049,27.2384,26.8573,25.3952,27.6587,25.5197,26.1980,25.7534,24.7377,25.3174,25.4062,26.1229,26.9329,24.8164,25.7966,26.8945,23.4066,26.3716,28.1555,22.7666,26.2512,25.5416,22.8904,25.5216,24.8557,22.1675,27.4574,25.0217,23.1769,28.0667,23.7840,22.7391,29.3801,23.7297,23.5073,27.2909,22.5105,23.0402,27.6592,21.4634,22.5118,26.1486,22.5832,23.7267,25.2092,21.4976,23.9673,25.3772,20.8468,25.3318,23.7510,21.9236,23.8081,22.8238,21.1827,24.1092,23.4934,23.1345,23.3101,22.1839,23.7187,23.1854,22.3864,25.2096,22.9226,21.2720,23.0028,22.1974,21.6672,22.6278,21.0644,20.0876,22.7958,22.5213,0.9778,1.0000
24.0231,26.7704,27.4757,25.3999,26.3554,27.1245,25.7573,25.0913,27.9019,25.5857,26.1008,25.6411,25.1958,25.0365,25.1687,26.2448,27.0459,24.9663,26.2647,27.0670,23.5107,27.3943,28.0181,23.1232,26.4035,25.7526,22.7648,25.5567,25.5512,21.8882,27.3934,24.9147,23.0624,27.6589,23.6759,22.3514,29.1397,23.4275,22.6181,26.7343,22.5769,22.8565,26.5039,21.7239,22.0017,26.2722,22.4973,24.1110,25.2987,21.5071,24.4978,25.6960,21.0352,25.8998,23.8482,21.8263,24.1856,22.9579,20.9737,24.1479,23.5171,23.0870,23.9034,22.2272,23.5408,23.4331,22.2834,25.0620,23.2601,21.6346,22.9371,22.1624,22.4039,22.4616,21.2952,20.4151,23.0338,21.9484,1.0267,1.0000
25.5105,26.1215,28.2359,26.3851,26.0699,27.0545,27.0865,24.7186,27.1769,25.5938,26.2374,25.7683,24.6073,25.5534,25.5304,26.1134,27.0771,24.8683,25.7501,27.0712,23.4560,26.5105,28.2557,22.8896,26.1020,25.7353,22.8145,25.4063,25.2263,21.9303,27.1841,25.1348,23.2991,27.6332,23.8599,22.7858,29.0547,23.6417,23.3057,26.7855,22.6398,23.1405,26.6705,21.7665,22.2878,26.1423,22.6094,24.3074,25.1450,21.5890,24.5603,25.1514,21.3296,26.0633,23.7548,21.9147,24.0217,22.8830,21.0532,24.0776,23.4122,23.1151,23.5513,22.1173,23.5212,23.0520,22.2514,25.0100,22.7386,21.6393,22.7877,21.7965,22.4956,22.5022,20.9396,20.4240,22.5288,21.6481,1.0755,1.0000
26.0746,25.5687,28.4105,26.3605,26.5953,27.3993,27.8265,27.0185,27.3977,25.9310,26.1659,26.0029,25.4792,25.0245,25.8672,25.9924,27.0396,24.9995,25.4264,26.8251,23.6836,25.7954,28.0376,22.8268,25.8906,25.5329,23.0272,25.2313,24.8739,22.2242,27.0704,25.0281,23.3798,27.5656,23.7973,22.7959,29.0259,23.7386,23.2436,26.7768,22.5376,23.0976,26.8345,21.6122,22.2878,25.9620,22.5349,24.1490,25.0128,21.4727,24.4127,24.9484,21.3923,25.9421,23.6555,21.8163,23.8341,22.8014,20.9371,23.7284,23.2935,23.0292,23.4194,22.0084,23.3986,22.8680,21.8916,24.9114,22.9298,21.7555,22.8898,21.4578,22.6653,22.5748,20.6652,20.5345,22.7170,21.2500,1.1244,1.0000
25.5924,25.4595,28.3402,25.9286,26.4911,27.3413,27.3182,27.0263,27.6630,25.7287,26.0189,25.9084,25.6624,24.8222,25.6453,25.9324,26.9202,24.9424,25.5157,26.6794,23.5646,25.7299,28.0318,22.8946,26.0921,25.5098,22.7874,25.4408,25.0057,21.8719,27.2646,25.0326,23.2177,27.9316,23.7981,22.8633,29.3151,23.7557,23.5182,27.1134,22.5395,23.0846,27.4471,21.4444,22.6336,25.9728,22.6318,23.7804,25.1079,21.4995,24.0460,25.4440,21.1105,25.4865,23.6637,21.9171,23.7876,22.7371,21.2097,24.1608,23.3374,23.0914,23.2447,21.9941,23.5746,23.0505,22.0520,25.1015,22.9458,21.3307,22.9945,21.8105,20.1517,22.5877,21.9385,22.0054,22.8167,20.7724,1.1733,1.0000
26.8552,25.7155,28.5533,27.0840,26.6298,27.4298,28.5282,26.4479,26.9627,26.1417,26.4295,26.2472,25.4366,25.4192,26.2988,26.2191,27.1425,25.1158,25.3927,26.9793,23.9424,25.7625,28.2130,23.1304,25.7105,25.6981,23.1866,24.9209,25.3031,22.3339,26.8225,25.0186,23.4877,27.2648,23.8152,22.7938,28.7447,23.6662,23.1097,26.4763,22.5540,23.1151,26.3761,21.6984,22.2309,25.7823,22.4714,24.2491,24.7325,21.5817,24.7086,24.5269,21.7646,26.2126,23.4535,21.8200,23.9379,22.5846,20.9505,23.9192,23.2140,22.9748,23.3037,22.0587,23.1815,22.4517,21.8351,24.6902,22.3791,21.9817,22.5173,21.0916,20.8711,22.2644,20.5749,23.0336,22.1234,20.5335,1.2222,1.0000
24.7625,25.9908,28.0193,25.7375,26.6430,27.1299,27.1599,26.4105,27.6097,25.5849,26.1596,25.6922,25.0082,25.0924,25.4833,26.0784,26.8747,24.6800,25.6256,26.6969,23.3163,26.1018,27.9446,22.5872,26.2791,25.4994,22.6395,25.6879,25.0019,21.6865,27.4354,24.9748,23.0586,27.8218,23.6185,22.7418,29.0707,23.2384,23.5240,26.7960,22.5010,22.9221,26.9470,21.5239,22.1839,25.9928,22.5886,23.9789,25.2533,21.4237,24.4141,25.5073,21.3333,25.9199,23.7793,21.5482,24.0342,22.9913,20.7304,24.4810,23.4187,22.5985,23.2850,22.0381,22.9196,23.0157,21.2206,23.2377,24.2680,21.8875,23.8757,21.8459,22.3709,25.0227,21.9846,21.2537,23.6214,20.7983,1.2711,1.0000
24.8797,26.3850,27.9093,25.8450,26.2837,26.8056,26.9575,25.3352,27.2555,25.2957,25.9422,25.4326,24.7525,24.8630,25.2038,25.6364,26.8060,24.4677,25.5048,26.6006,23.0419,26.2054,27.7108,22.2464,26.0260,25.2201,22.7011,25.2510,24.4150,22.1816,27.3013,24.9724,23.0227,27.8964,23.6855,22.7465,29.2946,23.6727,23.3705,27.2010,22.4258,23.2450,27.5253,21.3471,22.7564,26.3360,22.5823,24.2434,25.3019,21.6106,24.5476,25.0770,21.5839,26.0552,23.9419,21.7528,23.8779,23.2818,20.7258,23.7039,23.4133,22.9445,23.5965,22.0378,23.1714,23.1998,21.2252,23.5912,24.4255,21.9396,24.1803,22.0619,22.0385,25.3998,22.3077,21.6442,23.8624,20.8940,1.3200,1.0000
25.8394,26.6897,28.4630,26.8877,26.3639,27.4831,27.6071,25.0937,27.9228,26.2927,26.2240,26.0875,25.5115,25.3219,25.8091,26.6459,27.1469,25.1773,26.0783,27.1726,23.8393,26.4745,28.5163,23.2284,26.3176,25.9560,22.9719,25.4542,25.6383,22.1499,27.3219,25.1109,23.2498,27.4371,23.8201,22.6098,28.8000,23.3777,23.1449,26.3325,22.8112,22.9283,26.0877,21.9314,22.1083,25.7416,22.9120,24.1165,24.8299,21.9046,24.6346,24.7490,22.2520,26.1223,23.4847,21.7809,23.9434,22.7003,20.8636,24.1848,23.1606,22.8147,23.1710,21.8733,23.0952,22.5781,21.8480,24.5515,22.1142,21.5452,22.1334,21.4443,22.2736,22.1656,20.4319,20.5157,21.4217,21.3857,1.3689,1.0000
